[{"userName":"Admin","courses":[],"shoppingCart":[],"name":null,"email":null,"address":null,"banned":false,"coursesBy":[]},{"userName":"Bob12","courses":[1,4,6,10],"shoppingCart":[],"name":"Bob man","email":"something@bruh.com","address":"123 West Street","banned":false,"coursesBy":[1,4,6,10]},{"userName":"Bruh12","courses":[6,7,9],"shoppingCart":[],"name":"ber uh","email":"cnttype@gmal.cm","address":"1234678 On The Moon Dr","banned":false,"coursesBy":[6,7,9]},{"userName":"HiTa12","courses":[2,6,10],"shoppingCart":[5],"name":"Teacher Assistant","email":"ta@gmail.com","address":"RIT","banned":false,"coursesBy":[2,6,10]},{"userName":"ManMan1232","courses":[2,4,5,6,10],"shoppingCart":[],"name":"Dude Man","email":"supermanydude@gmail.com","address":"123321323 Bruh Rd.","banned":false,"coursesBy":[2,4,5,6,10]},{"userName":"MuffMan12","courses":[2,3,6,7],"shoppingCart":[],"name":"The MuffinMan","email":"theMuffinMan@gmail.com","address":"Drury Lane","banned":false,"coursesBy":[2,3,6,7]},{"userName":"NewUser23","courses":[3,5,7,10],"shoppingCart":[],"name":"Real Mann","email":"google@google.com","address":"234 Google Dr.","banned":false,"coursesBy":[3,5,7,10]},{"userName":"Test34","courses":[],"shoppingCart":[],"name":"Test Dummy","email":"Imadummy@gmail.com","address":"54 gumdrop Ln.","banned":false,"coursesBy":[]}]